               epoch,      train/box_loss,      train/obj_loss,      train/cls_loss,   metrics/precision,      metrics/recall,     metrics/mAP_0.5,metrics/mAP_0.5:0.95,        val/box_loss,        val/obj_loss,        val/cls_loss,               x/lr0,               x/lr1,               x/lr2
                   0,             0.13021,            0.065095,                   0,          0.00010753,           0.0028369,          5.3948e-05,          1.6177e-05,             0.12503,            0.067938,                   0,              0.0937,              0.0007,              0.0007
                   1,              0.1257,            0.073655,                   0,          0.00051075,            0.013475,          0.00026717,          6.4644e-05,              0.1197,            0.065396,                   0,            0.086493,           0.0014926,           0.0014926
                   2,             0.12178,            0.069773,                   0,           0.0028226,            0.074468,           0.0016458,          0.00039029,             0.11453,            0.064119,                   0,            0.079277,           0.0022772,           0.0022772
                   3,             0.11556,            0.075965,                   0,            0.016478,             0.43475,            0.023468,           0.0048812,              0.1076,            0.060497,                   0,            0.072054,            0.003054,            0.003054
                   4,             0.10762,            0.068748,                   0,             0.15098,              0.2695,             0.11111,            0.024832,             0.10118,            0.053505,                   0,            0.064823,           0.0038228,           0.0038228
                   5,            0.098665,            0.068951,                   0,            0.088651,             0.40071,            0.071692,            0.018147,            0.099628,            0.071692,                   0,            0.057584,           0.0045837,           0.0045837
                   6,            0.090686,            0.063555,                   0,             0.20754,             0.37021,             0.17132,            0.036664,            0.085584,              0.0633,                   0,            0.050337,           0.0053367,           0.0053367
                   7,            0.087251,            0.063146,                   0,            0.025638,             0.43548,            0.019822,           0.0041007,             0.10528,            0.069549,                   0,            0.043082,           0.0060817,           0.0060817
                   8,            0.086397,            0.062025,                   0,            0.068795,             0.56099,            0.060671,             0.01654,            0.094038,            0.055966,                   0,            0.035819,           0.0068188,           0.0068188
                   9,            0.088119,            0.057141,                   0,             0.13771,              0.2383,            0.097442,            0.025249,             0.10297,            0.043962,                   0,            0.028548,           0.0075481,           0.0075481
                  10,            0.088295,            0.058374,                   0,             0.45597,             0.41915,             0.39411,             0.11469,            0.085327,            0.044111,                   0,            0.021269,           0.0082693,           0.0082693
                  11,            0.086331,            0.060491,                   0,             0.10721,             0.59504,            0.096661,            0.026296,            0.086225,            0.043298,                   0,            0.013983,           0.0089827,           0.0089827
                  12,            0.083874,            0.055791,                   0,             0.38935,             0.46454,             0.41551,             0.16225,            0.082634,            0.042666,                   0,            0.009406,            0.009406,            0.009406
                  13,            0.084421,             0.05555,                   0,             0.18892,             0.38511,             0.19001,              0.0412,             0.07831,            0.044952,                   0,            0.009406,            0.009406,            0.009406
                  14,            0.079462,            0.059736,                   0,             0.32223,             0.57518,              0.3354,             0.13267,            0.079276,            0.045695,                   0,           0.0093565,           0.0093565,           0.0093565
                  15,            0.076526,            0.058159,                   0,             0.11132,             0.52695,             0.10278,            0.026684,            0.088362,            0.043307,                   0,            0.009307,            0.009307,            0.009307
                  16,            0.074671,             0.05592,                   0,             0.52579,             0.63333,             0.58943,              0.2323,            0.086455,            0.056901,                   0,           0.0092575,           0.0092575,           0.0092575
                  17,            0.074827,            0.053005,                   0,             0.50668,              0.5766,             0.53268,             0.15337,            0.071859,            0.049306,                   0,            0.009208,            0.009208,            0.009208
                  18,             0.06974,             0.05166,                   0,             0.47056,             0.54255,             0.46215,             0.14371,            0.063448,            0.045841,                   0,           0.0091585,           0.0091585,           0.0091585
                  19,            0.063527,            0.056488,                   0,             0.42805,             0.59362,             0.51506,             0.25195,            0.064498,            0.050773,                   0,            0.009109,            0.009109,            0.009109
                  20,            0.065731,            0.053764,                   0,             0.62297,             0.64334,             0.67258,             0.26752,            0.062637,            0.044934,                   0,           0.0090595,           0.0090595,           0.0090595
                  21,            0.063351,            0.053217,                   0,             0.80188,             0.72482,             0.81822,              0.3491,            0.052314,            0.040406,                   0,             0.00901,             0.00901,             0.00901
                  22,            0.058205,            0.057581,                   0,             0.62518,             0.70709,             0.68933,             0.33982,            0.052661,            0.041831,                   0,           0.0089605,           0.0089605,           0.0089605
                  23,            0.058481,             0.05217,                   0,             0.73871,             0.79433,             0.83714,             0.36848,            0.057427,            0.041662,                   0,            0.008911,            0.008911,            0.008911
                  24,            0.060194,            0.052146,                   0,             0.59519,             0.81233,             0.70429,             0.30293,            0.053783,            0.041485,                   0,           0.0088615,           0.0088615,           0.0088615
                  25,             0.05583,             0.05151,                   0,             0.62179,             0.78723,             0.72555,             0.31333,            0.056775,            0.044377,                   0,            0.008812,            0.008812,            0.008812
                  26,             0.05663,            0.053667,                   0,             0.90782,             0.90071,             0.95305,             0.47273,            0.045944,             0.04441,                   0,           0.0087625,           0.0087625,           0.0087625
                  27,            0.058652,            0.052995,                   0,             0.76203,             0.78125,             0.83655,             0.43994,             0.04587,            0.037006,                   0,            0.008713,            0.008713,            0.008713
                  28,             0.04787,             0.05951,                   0,             0.63152,             0.81702,             0.79424,             0.43609,            0.054785,            0.044293,                   0,           0.0086635,           0.0086635,           0.0086635
                  29,            0.055073,            0.053124,                   0,             0.45175,             0.83262,              0.6404,             0.35546,            0.048959,            0.048531,                   0,            0.008614,            0.008614,            0.008614
                  30,             0.05015,            0.051655,                   0,             0.70353,             0.83333,             0.82372,             0.47787,            0.043899,            0.041982,                   0,           0.0085645,           0.0085645,           0.0085645
                  31,            0.052071,            0.048992,                   0,             0.89036,             0.87234,             0.94294,             0.54004,            0.039543,            0.038264,                   0,            0.008515,            0.008515,            0.008515
                  32,            0.049412,            0.049812,                   0,             0.82624,             0.86383,             0.92556,             0.51453,            0.040771,            0.040223,                   0,           0.0084655,           0.0084655,           0.0084655
                  33,            0.049701,            0.049523,                   0,             0.92182,             0.91915,             0.97242,             0.56337,            0.039383,            0.036834,                   0,            0.008416,            0.008416,            0.008416
                  34,            0.050139,            0.047894,                   0,             0.92267,             0.93972,             0.97426,             0.54964,            0.039947,            0.036921,                   0,           0.0083665,           0.0083665,           0.0083665
                  35,            0.048782,            0.047085,                   0,             0.94887,             0.93448,             0.97895,             0.58243,            0.041735,            0.034867,                   0,            0.008317,            0.008317,            0.008317
                  36,            0.050311,             0.04532,                   0,             0.94796,             0.95319,             0.97615,             0.58332,            0.039731,             0.03437,                   0,           0.0082675,           0.0082675,           0.0082675
                  37,            0.047685,            0.045372,                   0,             0.94891,             0.95248,             0.97855,             0.60361,            0.038346,             0.03499,                   0,            0.008218,            0.008218,            0.008218
                  38,            0.046864,             0.04645,                   0,             0.92661,             0.96312,               0.964,             0.58924,            0.037263,            0.036272,                   0,           0.0081685,           0.0081685,           0.0081685
                  39,            0.047798,            0.047784,                   0,             0.94717,             0.95816,             0.97752,             0.61741,            0.036157,            0.035615,                   0,            0.008119,            0.008119,            0.008119
                  40,            0.047513,            0.047749,                   0,             0.93583,             0.95674,             0.96858,             0.59559,            0.037427,            0.035332,                   0,           0.0080695,           0.0080695,           0.0080695
                  41,            0.047128,            0.045778,                   0,             0.95389,             0.95816,             0.98279,             0.61573,            0.036167,            0.033637,                   0,             0.00802,             0.00802,             0.00802
                  42,            0.045972,            0.045004,                   0,             0.95037,             0.96419,             0.98397,             0.62913,            0.037683,            0.034042,                   0,           0.0079705,           0.0079705,           0.0079705
                  43,            0.043343,            0.044944,                   0,             0.96195,             0.96811,             0.98495,             0.63239,            0.036889,            0.033358,                   0,            0.007921,            0.007921,            0.007921
                  44,            0.046112,            0.044472,                   0,             0.96533,             0.96768,             0.98352,             0.61717,            0.036092,             0.03306,                   0,           0.0078715,           0.0078715,           0.0078715
                  45,            0.043219,            0.044305,                   0,             0.96188,             0.97092,             0.98619,             0.64742,             0.03823,            0.033214,                   0,            0.007822,            0.007822,            0.007822
                  46,            0.046955,            0.048206,                   0,             0.95957,             0.97376,             0.98467,             0.61077,            0.039326,            0.034355,                   0,           0.0077725,           0.0077725,           0.0077725
                  47,            0.041818,            0.043209,                   0,             0.96239,              0.9695,             0.98431,             0.61015,            0.038132,            0.033941,                   0,            0.007723,            0.007723,            0.007723
                  48,            0.043752,            0.043811,                   0,             0.96803,             0.97021,              0.9857,             0.63355,            0.035307,            0.033252,                   0,           0.0076735,           0.0076735,           0.0076735
                  49,             0.04382,            0.043593,                   0,             0.97216,             0.97305,             0.98668,              0.6447,            0.032751,            0.032674,                   0,            0.007624,            0.007624,            0.007624
                  50,            0.042284,            0.043669,                   0,             0.96281,             0.97322,             0.98503,             0.65177,            0.033397,            0.032159,                   0,           0.0075745,           0.0075745,           0.0075745
                  51,            0.042634,            0.049538,                   0,             0.96212,             0.97263,             0.98479,              0.6539,            0.033456,             0.03296,                   0,            0.007525,            0.007525,            0.007525
                  52,            0.042225,            0.045016,                   0,              0.9669,             0.96809,              0.9853,             0.64999,            0.034119,            0.031965,                   0,           0.0074755,           0.0074755,           0.0074755
                  53,            0.040932,            0.042723,                   0,             0.96266,              0.9766,             0.98554,             0.66576,            0.032795,            0.032034,                   0,            0.007426,            0.007426,            0.007426
                  54,            0.040467,            0.043342,                   0,             0.96005,             0.97149,             0.98572,             0.65749,            0.033101,            0.031414,                   0,           0.0073765,           0.0073765,           0.0073765
                  55,            0.040409,            0.041058,                   0,             0.95332,             0.97163,              0.9859,             0.66775,            0.033687,            0.031984,                   0,            0.007327,            0.007327,            0.007327
                  56,            0.041525,             0.04281,                   0,             0.95743,              0.9729,             0.98455,             0.66243,            0.032593,            0.032385,                   0,           0.0072775,           0.0072775,           0.0072775
                  57,            0.039193,            0.039831,                   0,             0.96314,             0.96809,             0.98475,             0.65574,             0.03272,            0.032064,                   0,            0.007228,            0.007228,            0.007228
                  58,            0.040424,            0.041613,                   0,             0.96558,              0.9773,             0.98786,             0.66245,            0.032402,             0.03203,                   0,           0.0071785,           0.0071785,           0.0071785
                  59,            0.040103,            0.044959,                   0,             0.96726,             0.97589,             0.98904,             0.66483,            0.032881,            0.031612,                   0,            0.007129,            0.007129,            0.007129
                  60,            0.039755,            0.040031,                   0,             0.96915,             0.98047,              0.9899,             0.67732,            0.031624,            0.031007,                   0,           0.0070795,           0.0070795,           0.0070795
                  61,             0.03966,            0.042868,                   0,             0.97523,              0.9774,             0.98991,             0.68542,            0.031428,            0.030831,                   0,             0.00703,             0.00703,             0.00703
                  62,            0.037242,            0.043288,                   0,             0.96514,             0.98227,             0.98986,             0.67805,            0.031819,            0.030644,                   0,           0.0069805,           0.0069805,           0.0069805
                  63,             0.03917,            0.042429,                   0,             0.97108,             0.97655,             0.99035,             0.67499,            0.031701,            0.030815,                   0,            0.006931,            0.006931,            0.006931
                  64,            0.037521,            0.039818,                   0,             0.97184,             0.97891,              0.9908,             0.65867,            0.033088,            0.030483,                   0,           0.0068815,           0.0068815,           0.0068815
                  65,            0.038735,            0.039818,                   0,             0.97187,             0.98014,             0.99001,             0.67606,            0.031238,            0.030927,                   0,            0.006832,            0.006832,            0.006832
                  66,            0.038053,            0.041242,                   0,             0.96758,             0.98227,             0.99031,             0.68169,             0.03175,            0.030591,                   0,           0.0067825,           0.0067825,           0.0067825
                  67,            0.038595,            0.041473,                   0,             0.96713,             0.98071,             0.99019,             0.68851,            0.030716,            0.030637,                   0,            0.006733,            0.006733,            0.006733
                  68,            0.036115,            0.039355,                   0,             0.97112,             0.97779,             0.98988,             0.69015,            0.029318,            0.030228,                   0,           0.0066835,           0.0066835,           0.0066835
                  69,            0.037756,            0.041414,                   0,             0.97048,             0.97872,             0.99001,             0.68482,            0.029844,             0.03043,                   0,            0.006634,            0.006634,            0.006634
                  70,            0.036691,            0.039662,                   0,             0.97129,             0.98374,             0.99044,             0.68659,            0.028735,            0.030065,                   0,           0.0065845,           0.0065845,           0.0065845
                  71,            0.036927,            0.041576,                   0,             0.97199,             0.98459,             0.99101,             0.68916,            0.028641,            0.029542,                   0,            0.006535,            0.006535,            0.006535
                  72,            0.037323,            0.038777,                   0,             0.97319,             0.98156,             0.99125,             0.68636,             0.02806,            0.029214,                   0,           0.0064855,           0.0064855,           0.0064855
                  73,            0.035902,            0.041161,                   0,             0.97064,             0.98478,             0.99074,             0.68447,             0.02832,            0.029598,                   0,            0.006436,            0.006436,            0.006436
                  74,            0.035756,            0.038854,                   0,             0.97136,             0.98608,             0.99083,             0.69166,            0.028647,             0.02938,                   0,           0.0063865,           0.0063865,           0.0063865
                  75,             0.03724,            0.042243,                   0,             0.97339,             0.98571,             0.99054,             0.69629,            0.026593,              0.0301,                   0,            0.006337,            0.006337,            0.006337
                  76,            0.033513,            0.040448,                   0,             0.97318,             0.97779,             0.99071,              0.6351,             0.03013,            0.030297,                   0,           0.0062875,           0.0062875,           0.0062875
                  77,             0.03496,            0.042682,                   0,             0.97142,             0.98827,             0.99075,             0.69194,             0.03099,            0.030642,                   0,            0.006238,            0.006238,            0.006238
                  78,            0.037248,            0.042393,                   0,             0.97535,             0.99149,             0.99162,             0.69546,            0.028898,            0.029879,                   0,           0.0061885,           0.0061885,           0.0061885
                  79,            0.037521,            0.040262,                   0,             0.97689,             0.98934,             0.99158,             0.69038,            0.028456,             0.02925,                   0,            0.006139,            0.006139,            0.006139
                  80,            0.035628,            0.037631,                   0,               0.976,              0.9844,              0.9917,             0.69727,            0.027612,             0.02883,                   0,           0.0060895,           0.0060895,           0.0060895
                  81,            0.035379,            0.042103,                   0,             0.97772,              0.9844,             0.99189,              0.6943,            0.027568,            0.028853,                   0,             0.00604,             0.00604,             0.00604
                  82,            0.033547,            0.038727,                   0,             0.97477,             0.98652,             0.99178,             0.70793,             0.02749,            0.028847,                   0,           0.0059905,           0.0059905,           0.0059905
                  83,            0.034896,            0.037741,                   0,             0.97477,             0.98657,               0.992,             0.70354,            0.026246,            0.028855,                   0,            0.005941,            0.005941,            0.005941
                  84,            0.033561,            0.044773,                   0,             0.97314,             0.98369,             0.99121,             0.70069,            0.028021,            0.029357,                   0,           0.0058915,           0.0058915,           0.0058915
                  85,            0.033029,            0.038672,                   0,             0.97367,             0.98298,             0.99151,             0.70211,            0.027719,            0.029226,                   0,            0.005842,            0.005842,            0.005842
                  86,            0.032714,            0.038084,                   0,             0.97197,             0.98379,             0.99164,              0.7053,            0.028197,            0.029073,                   0,           0.0057925,           0.0057925,           0.0057925
                  87,            0.032921,            0.038894,                   0,             0.97592,              0.9772,             0.99186,             0.69565,            0.027436,            0.028996,                   0,            0.005743,            0.005743,            0.005743
                  88,            0.034416,              0.0381,                   0,              0.9774,              0.9773,             0.99184,             0.70497,            0.026768,            0.028774,                   0,           0.0056935,           0.0056935,           0.0056935
                  89,            0.034006,            0.040773,                   0,             0.97297,              0.9844,             0.99211,             0.70775,            0.026279,            0.028649,                   0,            0.005644,            0.005644,            0.005644
                  90,            0.033439,             0.03886,                   0,             0.97402,             0.98376,             0.99236,             0.71232,            0.026219,            0.028197,                   0,           0.0055945,           0.0055945,           0.0055945
                  91,             0.03438,            0.041786,                   0,             0.97344,             0.98936,             0.99237,             0.70286,            0.026076,            0.028636,                   0,            0.005545,            0.005545,            0.005545
                  92,            0.032238,            0.035849,                   0,             0.97452,             0.98865,             0.99259,             0.71152,            0.026802,             0.02837,                   0,           0.0054955,           0.0054955,           0.0054955
                  93,            0.032197,            0.038684,                   0,             0.97689,              0.9892,              0.9928,             0.72145,            0.027186,            0.028103,                   0,            0.005446,            0.005446,            0.005446
                  94,            0.034857,            0.038462,                   0,             0.97481,             0.98812,             0.99276,              0.7126,            0.027393,            0.028498,                   0,           0.0053965,           0.0053965,           0.0053965
                  95,            0.034067,            0.038275,                   0,             0.97743,             0.98936,             0.99264,              0.7159,            0.025094,            0.027774,                   0,            0.005347,            0.005347,            0.005347
                  96,            0.032908,            0.036092,                   0,             0.98087,             0.98191,             0.99248,             0.72027,             0.02543,             0.02726,                   0,           0.0052975,           0.0052975,           0.0052975
                  97,            0.033685,            0.042607,                   0,             0.97701,             0.98511,             0.99245,              0.7156,            0.025186,             0.02756,                   0,            0.005248,            0.005248,            0.005248
                  98,            0.033021,            0.039705,                   0,             0.97818,             0.98582,             0.99261,             0.72726,            0.024897,            0.027599,                   0,           0.0051985,           0.0051985,           0.0051985
                  99,            0.031068,            0.039474,                   0,             0.97613,             0.98591,             0.99268,             0.72533,            0.025897,            0.027597,                   0,            0.005149,            0.005149,            0.005149
                 100,            0.030991,            0.036643,                   0,             0.98283,             0.98085,             0.99276,             0.72324,            0.026344,            0.027707,                   0,           0.0050995,           0.0050995,           0.0050995
                 101,            0.031166,            0.037038,                   0,             0.97815,             0.98406,             0.99276,             0.71617,            0.025952,            0.027795,                   0,             0.00505,             0.00505,             0.00505
                 102,            0.033235,            0.037298,                   0,             0.97909,             0.98511,             0.99286,             0.70583,            0.025733,            0.027864,                   0,           0.0050005,           0.0050005,           0.0050005
                 103,            0.033203,            0.039184,                   0,             0.97617,             0.98771,             0.99283,              0.7173,            0.025615,            0.027588,                   0,            0.004951,            0.004951,            0.004951
                 104,            0.031739,            0.036109,                   0,             0.97588,             0.98582,             0.99279,             0.71895,            0.025885,            0.027533,                   0,           0.0049015,           0.0049015,           0.0049015
                 105,            0.031007,               0.038,                   0,              0.9819,             0.98369,             0.99291,             0.72271,            0.025314,            0.027306,                   0,            0.004852,            0.004852,            0.004852
                 106,            0.032335,             0.04023,                   0,             0.97673,             0.98217,             0.99272,              0.7202,            0.024971,            0.027537,                   0,           0.0048025,           0.0048025,           0.0048025
                 107,            0.031768,            0.039137,                   0,             0.98017,             0.98014,             0.99286,             0.72626,            0.024407,            0.027312,                   0,            0.004753,            0.004753,            0.004753
                 108,            0.030332,            0.036335,                   0,             0.97845,             0.98156,             0.99303,              0.7225,             0.02511,            0.027205,                   0,           0.0047035,           0.0047035,           0.0047035
                 109,            0.031218,            0.038116,                   0,             0.97953,             0.98298,             0.99312,             0.70923,            0.025412,            0.027516,                   0,            0.004654,            0.004654,            0.004654
                 110,             0.03121,             0.03825,                   0,             0.98374,             0.98511,              0.9932,             0.71451,            0.025285,            0.027414,                   0,           0.0046045,           0.0046045,           0.0046045
                 111,            0.031701,             0.03759,                   0,             0.98509,              0.9839,             0.99328,             0.72211,            0.025267,            0.027275,                   0,            0.004555,            0.004555,            0.004555
                 112,            0.029827,            0.037972,                   0,             0.98098,             0.98747,             0.99288,             0.69114,            0.026892,            0.028208,                   0,           0.0045055,           0.0045055,           0.0045055
                 113,            0.030302,            0.037739,                   0,             0.98369,             0.98362,             0.99268,             0.67354,            0.027451,            0.028861,                   0,            0.004456,            0.004456,            0.004456
                 114,            0.030242,            0.037106,                   0,             0.98143,             0.98369,             0.99282,             0.68139,            0.027226,            0.028641,                   0,           0.0044065,           0.0044065,           0.0044065
                 115,            0.030298,            0.035165,                   0,             0.97742,             0.98244,             0.99243,             0.67364,             0.02863,            0.029337,                   0,            0.004357,            0.004357,            0.004357
                 116,            0.030992,             0.03778,                   0,             0.98089,             0.98289,              0.9926,              0.6756,            0.027849,            0.029188,                   0,           0.0043075,           0.0043075,           0.0043075
                 117,            0.030118,            0.036204,                   0,             0.98028,             0.98728,             0.99309,             0.70072,            0.026914,            0.028185,                   0,            0.004258,            0.004258,            0.004258
                 118,            0.028857,            0.035138,                   0,             0.98205,             0.98723,             0.99325,             0.70971,             0.02607,            0.027884,                   0,           0.0042085,           0.0042085,           0.0042085
                 119,            0.029747,            0.035549,                   0,             0.98231,             0.98865,             0.99335,             0.70865,            0.026206,            0.027786,                   0,            0.004159,            0.004159,            0.004159
                 120,            0.029328,            0.035767,                   0,             0.98065,             0.98652,             0.99335,             0.72274,            0.025197,            0.027339,                   0,           0.0041095,           0.0041095,           0.0041095
                 121,            0.030199,            0.035393,                   0,             0.98031,             0.98882,             0.99351,             0.72229,            0.025126,            0.026887,                   0,             0.00406,             0.00406,             0.00406
                 122,            0.030139,            0.035002,                   0,             0.97985,             0.98865,             0.99352,             0.72181,             0.02459,            0.026825,                   0,           0.0040105,           0.0040105,           0.0040105
                 123,            0.029105,            0.034227,                   0,             0.98166,             0.98723,             0.99349,             0.71279,            0.024811,            0.027044,                   0,            0.003961,            0.003961,            0.003961
                 124,            0.029779,            0.035912,                   0,             0.98052,             0.98582,             0.99339,             0.70797,            0.025136,            0.027143,                   0,           0.0039115,           0.0039115,           0.0039115
                 125,             0.02922,            0.037436,                   0,             0.97968,             0.98652,             0.99345,             0.71166,            0.025008,            0.027124,                   0,            0.003862,            0.003862,            0.003862
                 126,              0.0299,            0.033981,                   0,             0.98291,             0.98652,             0.99359,             0.70888,             0.02637,            0.027219,                   0,           0.0038125,           0.0038125,           0.0038125
                 127,            0.028998,            0.035899,                   0,             0.98301,             0.98498,             0.99342,             0.70505,             0.02632,            0.027237,                   0,            0.003763,            0.003763,            0.003763
                 128,            0.029503,            0.038566,                   0,             0.97908,             0.98865,             0.99334,             0.70452,            0.025544,            0.027423,                   0,           0.0037135,           0.0037135,           0.0037135
                 129,            0.027731,            0.035269,                   0,             0.98176,             0.99078,             0.99347,             0.70969,            0.024676,            0.026941,                   0,            0.003664,            0.003664,            0.003664
                 130,            0.029033,            0.035415,                   0,             0.98311,             0.99078,             0.99327,             0.72271,            0.023735,            0.026713,                   0,           0.0036145,           0.0036145,           0.0036145
                 131,            0.028429,            0.035732,                   0,             0.98588,             0.99039,             0.99315,             0.73486,            0.022845,            0.026367,                   0,            0.003565,            0.003565,            0.003565
                 132,            0.028488,            0.034628,                   0,             0.98758,             0.99007,             0.99304,             0.72973,            0.023007,            0.026578,                   0,           0.0035155,           0.0035155,           0.0035155
                 133,            0.027582,             0.03247,                   0,             0.98568,             0.98865,             0.99294,             0.71284,            0.024466,            0.027263,                   0,            0.003466,            0.003466,            0.003466
                 134,            0.027736,             0.03595,                   0,             0.98135,             0.98652,             0.99304,             0.71726,            0.025268,             0.02704,                   0,           0.0034165,           0.0034165,           0.0034165
                 135,            0.028057,            0.035405,                   0,             0.98583,             0.98865,             0.99325,             0.71247,            0.024696,              0.0272,                   0,            0.003367,            0.003367,            0.003367
                 136,             0.02759,            0.032781,                   0,             0.98502,             0.98865,             0.99354,             0.73063,            0.023302,            0.026454,                   0,           0.0033175,           0.0033175,           0.0033175
                 137,            0.029517,            0.039983,                   0,             0.98752,             0.99007,             0.99354,              0.7328,            0.022732,            0.026363,                   0,            0.003268,            0.003268,            0.003268
                 138,            0.029301,            0.036848,                   0,             0.98781,             0.99007,             0.99361,             0.73578,            0.022645,            0.026139,                   0,           0.0032185,           0.0032185,           0.0032185
                 139,            0.027736,             0.03525,                   0,             0.98794,             0.98749,             0.99368,             0.74073,             0.02234,            0.025868,                   0,            0.003169,            0.003169,            0.003169
                 140,            0.026936,             0.03517,                   0,             0.98792,              0.9863,              0.9938,             0.73152,            0.023266,            0.026088,                   0,           0.0031195,           0.0031195,           0.0031195
                 141,            0.027787,            0.035022,                   0,             0.98171,             0.98985,             0.99391,             0.72846,            0.022984,            0.026306,                   0,             0.00307,             0.00307,             0.00307
                 142,             0.02739,            0.037474,                   0,              0.9845,               0.991,             0.99402,             0.75178,            0.021889,            0.025485,                   0,           0.0030205,           0.0030205,           0.0030205
                 143,            0.026372,            0.033826,                   0,              0.9841,             0.99078,             0.99396,              0.7474,            0.021898,            0.025483,                   0,            0.002971,            0.002971,            0.002971
                 144,             0.02722,            0.034445,                   0,             0.98221,             0.99574,             0.99383,             0.74895,            0.022197,            0.025502,                   0,           0.0029215,           0.0029215,           0.0029215
                 145,            0.027986,            0.034217,                   0,             0.98721,             0.98565,             0.99381,             0.74674,            0.022066,            0.025617,                   0,            0.002872,            0.002872,            0.002872
                 146,             0.02674,            0.036923,                   0,             0.98672,              0.9844,             0.99364,             0.74536,            0.022015,            0.025754,                   0,           0.0028225,           0.0028225,           0.0028225
                 147,            0.027158,            0.036565,                   0,             0.98302,             0.98513,             0.99348,             0.74241,            0.022207,            0.025702,                   0,            0.002773,            0.002773,            0.002773
                 148,            0.026275,            0.035959,                   0,             0.97601,             0.99291,             0.99336,              0.7329,            0.023502,            0.026033,                   0,           0.0027235,           0.0027235,           0.0027235
                 149,             0.02592,            0.032429,                   0,             0.98549,             0.98227,             0.99347,             0.72975,            0.023312,            0.026122,                   0,            0.002674,            0.002674,            0.002674
                 150,            0.027354,             0.03625,                   0,             0.98753,             0.98511,             0.99356,             0.74411,            0.021767,            0.025699,                   0,           0.0026245,           0.0026245,           0.0026245
                 151,            0.027554,            0.037141,                   0,             0.98851,             0.98511,             0.99371,             0.73172,            0.022839,            0.026142,                   0,            0.002575,            0.002575,            0.002575
                 152,            0.026564,             0.03512,                   0,             0.98545,              0.9844,             0.99371,             0.73226,            0.022458,            0.026137,                   0,           0.0025255,           0.0025255,           0.0025255
                 153,            0.025207,            0.034377,                   0,              0.9872,             0.98441,             0.99379,             0.73712,            0.022696,            0.026029,                   0,            0.002476,            0.002476,            0.002476
                 154,            0.026286,            0.033875,                   0,             0.98652,             0.98615,              0.9938,             0.74361,            0.021392,            0.025709,                   0,           0.0024265,           0.0024265,           0.0024265
                 155,            0.025674,            0.033286,                   0,             0.98937,              0.9898,             0.99396,              0.7531,            0.021124,            0.025206,                   0,            0.002377,            0.002377,            0.002377
                 156,            0.025592,            0.031956,                   0,               0.989,             0.99078,             0.99402,              0.7542,             0.02093,            0.025036,                   0,           0.0023275,           0.0023275,           0.0023275
                 157,            0.025625,             0.03276,                   0,             0.98851,             0.99078,             0.99405,             0.75421,            0.020937,            0.024961,                   0,            0.002278,            0.002278,            0.002278
                 158,            0.026301,            0.035086,                   0,             0.99077,             0.98959,             0.99414,             0.75482,            0.020754,            0.025124,                   0,           0.0022285,           0.0022285,           0.0022285
                 159,            0.024705,            0.031968,                   0,             0.99013,             0.98936,             0.99416,             0.75453,            0.021069,            0.025103,                   0,            0.002179,            0.002179,            0.002179
                 160,            0.024409,            0.034494,                   0,             0.99146,             0.98831,             0.99422,              0.7462,            0.021659,            0.025335,                   0,           0.0021295,           0.0021295,           0.0021295
                 161,            0.024046,             0.03176,                   0,             0.99073,             0.98491,             0.99411,             0.74139,            0.022162,            0.025554,                   0,             0.00208,             0.00208,             0.00208
                 162,            0.026044,             0.03277,                   0,              0.9897,             0.98652,             0.99422,             0.74059,            0.022144,             0.02577,                   0,           0.0020305,           0.0020305,           0.0020305
                 163,            0.026182,            0.035541,                   0,             0.98842,             0.98652,             0.99417,             0.74286,            0.022019,            0.025735,                   0,            0.001981,            0.001981,            0.001981
                 164,            0.024073,             0.03165,                   0,             0.98781,             0.98794,             0.99416,             0.73631,            0.022651,            0.025974,                   0,           0.0019315,           0.0019315,           0.0019315
                 165,            0.024732,            0.033082,                   0,             0.98626,             0.98936,             0.99413,             0.74487,            0.022017,            0.025619,                   0,            0.001882,            0.001882,            0.001882
                 166,            0.025446,            0.036263,                   0,             0.98585,             0.98835,             0.99412,             0.75205,            0.021189,            0.025513,                   0,           0.0018325,           0.0018325,           0.0018325
                 167,            0.024485,            0.032589,                   0,             0.99006,              0.9886,             0.99425,             0.75426,            0.021029,             0.02518,                   0,            0.001783,            0.001783,            0.001783
                 168,            0.024618,            0.034107,                   0,             0.99077,             0.98998,             0.99431,             0.75747,             0.02082,            0.024893,                   0,           0.0017335,           0.0017335,           0.0017335
                 169,            0.023863,            0.031744,                   0,             0.99218,             0.98924,             0.99435,             0.76249,            0.021001,            0.024615,                   0,            0.001684,            0.001684,            0.001684
                 170,            0.024099,            0.031473,                   0,               0.988,             0.99362,             0.99434,             0.74541,            0.022228,             0.02505,                   0,           0.0016345,           0.0016345,           0.0016345
                 171,            0.025134,            0.032946,                   0,             0.98731,             0.99353,             0.99443,              0.7584,            0.020709,            0.024648,                   0,            0.001585,            0.001585,            0.001585
                 172,            0.025316,            0.036356,                   0,             0.98598,             0.99291,              0.9944,             0.75349,            0.021334,             0.02484,                   0,           0.0015355,           0.0015355,           0.0015355
                 173,            0.024804,            0.031787,                   0,             0.98795,             0.98887,             0.99439,             0.75722,            0.020773,            0.024729,                   0,            0.001486,            0.001486,            0.001486
                 174,            0.024118,            0.034222,                   0,             0.98731,             0.99318,             0.99444,             0.76708,            0.020299,            0.024576,                   0,           0.0014365,           0.0014365,           0.0014365
                 175,            0.024588,            0.034471,                   0,             0.98776,             0.99291,             0.99439,             0.75761,            0.020713,            0.024802,                   0,            0.001387,            0.001387,            0.001387
                 176,            0.023713,            0.033649,                   0,             0.98797,             0.99291,             0.99439,             0.76409,            0.020462,            0.024628,                   0,           0.0013375,           0.0013375,           0.0013375
                 177,            0.024413,            0.033412,                   0,              0.9873,             0.99277,             0.99441,             0.75837,            0.020625,            0.024751,                   0,            0.001288,            0.001288,            0.001288
                 178,            0.024055,            0.031141,                   0,             0.98795,             0.99291,             0.99444,             0.75676,            0.021024,            0.024813,                   0,           0.0012385,           0.0012385,           0.0012385
                 179,            0.023444,            0.031558,                   0,             0.98576,             0.99433,              0.9944,             0.76111,            0.020396,            0.024622,                   0,            0.001189,            0.001189,            0.001189
                 180,            0.024184,             0.03115,                   0,             0.98733,             0.99448,             0.99435,             0.76839,             0.02008,            0.024413,                   0,           0.0011395,           0.0011395,           0.0011395
                 181,            0.023923,            0.033802,                   0,             0.98866,             0.98965,              0.9943,             0.76363,            0.020332,            0.024527,                   0,             0.00109,             0.00109,             0.00109
                 182,            0.023468,            0.033656,                   0,             0.99077,             0.98971,              0.9943,             0.76516,             0.02028,            0.024451,                   0,           0.0010405,           0.0010405,           0.0010405
                 183,            0.023421,            0.033211,                   0,              0.9872,              0.9922,             0.99431,             0.76704,            0.020012,             0.02437,                   0,            0.000991,            0.000991,            0.000991
                 184,            0.024159,            0.031448,                   0,             0.98895,              0.9922,              0.9943,             0.76753,            0.020073,            0.024434,                   0,           0.0009415,           0.0009415,           0.0009415
                 185,            0.023439,            0.032871,                   0,              0.9887,             0.99266,              0.9943,             0.76272,            0.020172,            0.024556,                   0,            0.000892,            0.000892,            0.000892
                 186,            0.024168,            0.034723,                   0,             0.98639,             0.99362,              0.9943,             0.76339,            0.020113,            0.024584,                   0,           0.0008425,           0.0008425,           0.0008425
                 187,             0.02374,            0.035295,                   0,             0.98662,             0.99356,             0.99428,             0.75911,            0.020238,            0.024692,                   0,            0.000793,            0.000793,            0.000793
                 188,            0.024052,            0.032086,                   0,             0.98578,             0.99291,              0.9943,             0.75684,            0.020424,            0.024792,                   0,           0.0007435,           0.0007435,           0.0007435
                 189,            0.024934,            0.035314,                   0,             0.98523,             0.99321,             0.99432,             0.75934,             0.02028,            0.024643,                   0,            0.000694,            0.000694,            0.000694
                 190,            0.023491,            0.033422,                   0,             0.98656,             0.99433,             0.99433,              0.7623,            0.020183,            0.024538,                   0,           0.0006445,           0.0006445,           0.0006445
                 191,             0.02504,            0.033303,                   0,             0.98694,             0.99504,             0.99437,             0.76127,            0.020317,            0.024523,                   0,            0.000595,            0.000595,            0.000595
                 192,             0.02334,            0.031645,                   0,             0.98938,             0.99078,             0.99436,             0.76641,            0.020089,            0.024428,                   0,           0.0005455,           0.0005455,           0.0005455
                 193,            0.024478,            0.033739,                   0,             0.98937,             0.99035,             0.99439,              0.7639,            0.020138,            0.024416,                   0,            0.000496,            0.000496,            0.000496
                 194,            0.023153,            0.031822,                   0,             0.98801,             0.99318,             0.99436,              0.7637,            0.020032,            0.024432,                   0,           0.0004465,           0.0004465,           0.0004465
                 195,            0.023358,            0.031759,                   0,             0.98941,             0.99078,             0.99436,             0.76537,            0.019968,            0.024395,                   0,            0.000397,            0.000397,            0.000397
                 196,            0.023654,             0.03563,                   0,             0.98938,             0.99138,             0.99438,             0.76441,            0.020087,            0.024392,                   0,           0.0003475,           0.0003475,           0.0003475
                 197,            0.024151,            0.032395,                   0,             0.98938,             0.99101,             0.99436,             0.76524,            0.020155,            0.024414,                   0,            0.000298,            0.000298,            0.000298
                 198,            0.023783,            0.032514,                   0,             0.99076,             0.98848,             0.99436,             0.76773,            0.019939,            0.024379,                   0,           0.0002485,           0.0002485,           0.0002485
                 199,            0.023887,            0.032469,                   0,             0.99079,             0.99166,             0.99439,              0.7683,            0.019831,            0.024319,                   0,            0.000199,            0.000199,            0.000199
